ID,name,gender,restrictedZone,type,Lng,Lat
44972,Donburn Primary School,CoEd,FALSE,Primary,145.1642208,-37.7874394
44971,Sherbourne Primary School,CoEd,FALSE,Primary,145.1301378,-37.709067
44970,Wattle View Primary School,CoEd,FALSE,Primary,145.3032906,-37.9368007
44969,Bimbadeen Heights Primary School,CoEd,FALSE,Primary,145.320944,-37.7717038
44968,Glendal Primary School,CoEd,FALSE,Primary,145.1575517,-37.8667864
44967,Manchester Primary School,CoEd,FALSE,Primary,145.3083579,-37.7722627
44966,Gladstone Park Primary School,CoEd,FALSE,Primary,144.8870945,-37.6876581
44965,Sunbury West Primary School,CoEd,FALSE,Primary,144.7131157,-37.5746253
44964,Ballam Park Primary School,CoEd,FALSE,Primary,145.1588028,-38.14739632
44962,Mossfiel Primary School,CoEd,FALSE,Primary,144.6967772,-37.8727902
44961,Rowville Primary School,CoEd,FALSE,Primary,145.237826,-37.922564
44960,Thomastown West Primary School,CoEd,FALSE,Primary,144.9982433,-37.6786374
44990,Stevensville Primary School,CoEd,FALSE,Primary,144.7812545,-37.7366199
44991,Birmingham Primary School,CoEd,FALSE,Primary,145.3673143,-37.777766
44988,Richmond West Primary School,CoEd,FALSE,Primary,144.995935,-37.813842
44989,Marlborough Primary School,CoEd,FALSE,Primary,145.2319118,-37.8363552
44987,Aldercourt Primary School,CoEd,FALSE,Primary,145.1607313,-38.1167899
44984,Bayswater West Primary School,CoEd,FALSE,Primary,145.2505494,-37.848478
44985,Mornington Park Primary School,CoEd,FALSE,Primary,145.058462,-38.225827
44982,Diamond Creek East Primary School,CoEd,FALSE,Primary,145.1663348,-37.6740567
44983,Brandon Park Primary School,CoEd,FALSE,Primary,145.1727819,-37.9132743
44980,Lalor North Primary School,CoEd,FALSE,Primary,145.029284,-37.663618
44981,Melton West Primary School,CoEd,FALSE,Primary,144.56732,-37.67753
44978,Deer Park West Primary School,CoEd,FALSE,Primary,144.7647066,-37.7710539
44979,Campbellfield Heights Primary School,CoEd,FALSE,Primary,144.955677,-37.665113
44943,Bayswater South Primary School,CoEd,FALSE,Primary,145.2607509,-37.8552898
44936,Donvale Primary School,CoEd,FALSE,Primary,145.173438,-37.8004229
44938,Boronia Heights Primary School,CoEd,FALSE,Primary,145.2922075,-37.8447611
44933,Coolaroo South Primary School,CoEd,FALSE,Primary,144.9327619,-37.6618425
44934,Mentone Park Primary School,CoEd,FALSE,Primary,145.0819247,-37.9798494
44929,University Park Primary School,CoEd,FALSE,Primary,144.8026488,-37.7546095
44928,Bundoora Primary School,CoEd,FALSE,Primary,145.063369,-37.707557
44930,St Albans Heights Primary School,CoEd,FALSE,Primary,144.8100127,-37.7484271
44959,Derinya Primary School,CoEd,TRUE,Primary,145.1208758,-38.1747105
44952,Watsonia North Primary School,CoEd,FALSE,Primary,145.0811859,-37.7003797
44953,Wooranna Park Primary School,CoEd,FALSE,Primary,145.216731,-37.9602
44954,Knox Park Primary School,CoEd,FALSE,Primary,145.2520573,-37.8834403
44955,Birralee Primary School,CoEd,FALSE,Primary,145.114013,-37.793408
44948,Carlton Primary School,CoEd,FALSE,Primary,144.969467,-37.7960079
44950,Templestowe Valley Primary School,CoEd,FALSE,Primary,145.1104291,-37.7608064
44951,Highvale Primary School,CoEd,FALSE,Primary,145.1739338,-37.8663213
44944,Seaford North Primary School,CoEd,FALSE,Primary,145.133514,-38.090171
44946,Lalor East Primary School,CoEd,FALSE,Primary,145.03343,-37.676864
45035,Regency Park Primary School,CoEd,FALSE,Primary,145.235996,-37.854729
45034,River Gum Primary School,CoEd,FALSE,Primary,145.259404,-38.034723
45033,Templestowe Park Primary School,CoEd,FALSE,Primary,145.1432777,-37.7564102
45032,Epping Primary School Greenbrook Campus,CoEd,FALSE,Primary,145.016269,-37.6341341
45039,Kingsley Park Primary School,CoEd,FALSE,Primary,145.155111,-38.1690736
45579,The Lakes South Morang P-9 School Primary Campus,CoEd,FALSE,Combined,145.076592,-37.629746
45038,Thomastown Meadows Primary School,CoEd,FALSE,Primary,145.0107588,-37.6837819
45578,The Lakes South Morang P-9 School,CoEd,FALSE,Combined,145.0756887,-37.6349286
45037,Eastbourne Primary School,CoEd,FALSE,Primary,144.889247,-38.3717189
45036,Dorset Primary School,CoEd,FALSE,Primary,145.2860038,-37.8100198
45027,St Albans Meadows Primary School,CoEd,FALSE,Primary,144.8179562,-37.7529686
45573,Narre Warren South P-12 College,CoEd,FALSE,Combined,145.285102,-38.049966
45024,Livingstone Primary School,CoEd,FALSE,Primary,145.1812,-37.8530362
45572,Footscray City College,CoEd,FALSE,Secondary,144.894422,-37.791082
45571,McClelland College,CoEd,FALSE,Secondary,145.159758,-38.146821
45029,Kalinda Primary School,CoEd,FALSE,Primary,145.2536022,-37.7899042
45028,Silverton Primary School,CoEd,FALSE,Primary,145.1924592,-37.9490277
45051,Iramoo Primary School,CoEd,FALSE,Primary,144.62777,-37.8960832
45599,Gleneagles Secondary College,CoEd,FALSE,Secondary,145.274405,-37.974751
45596,Keysborough Secondary College Acacia Campus,CoEd,FALSE,Secondary,145.181637,-37.984916
45054,Mill Park Primary School,CoEd,FALSE,Primary,145.0658086,-37.674867
45595,Keysborough Secondary College,CoEd,FALSE,Secondary,145.1320653,-37.9772192
45592,Hume Central Secondary College Dimboola Road Campus,CoEd,FALSE,Secondary,144.9128866,-37.67922031
45053,Weeden Heights Primary School,CoEd,FALSE,Primary,145.1776103,-37.8591744
50568,Tarneit P-9 College,CoEd,FALSE,Combined,144.6603505,-37.8546402
45042,Mount Eliza North Primary School,CoEd,FALSE,Primary,145.101007,-38.189113
50567,Alamanda K-9 College,CoEd,FALSE,Combined,144.7408603,-37.9084704
45590,Laverton P-12 College,CoEd,FALSE,Combined,144.772467,-37.8560068
45591,Hume Central Secondary College Blair Street Campus,CoEd,FALSE,Secondary,144.9317032,-37.6721225
45040,James Cook Primary School,CoEd,FALSE,Primary,145.2459419,-37.9788958
45588,Dandenong High School,CoEd,FALSE,Secondary,145.2103464,-37.979519
45041,Movelle Primary School,CoEd,FALSE,Primary,144.7746362,-37.7375497
45587,Altona P-9 College,CoEd,FALSE,Combined,144.817299,-37.861542
45585,Mount Ridley P-12 College,CoEd,FALSE,Combined,144.922301,-37.578572
45001,Debney Meadows Primary School,CoEd,FALSE,Primary,144.934977,-37.785878
45003,Tinternvale Primary School,CoEd,FALSE,Primary,145.2654367,-37.8185628
45002,Fountain Gate Primary School,CoEd,FALSE,Primary,145.2949083,-38.0094948
45007,Kent Park Primary School,CoEd,FALSE,Primary,145.262748,-37.8834764
44993,Glengala Primary School,CoEd,FALSE,Primary,144.823628,-37.7791149
45605,Somerville Secondary College,CoEd,FALSE,Secondary,145.1696641,-38.2278445
44992,Woodville Primary School,CoEd,FALSE,Primary,144.6917093,-37.884217
45604,Alkira Secondary College,CoEd,FALSE,Secondary,145.308734,-38.07427
44995,Wallarano Primary School,CoEd,FALSE,Primary,145.170493,-37.979994
44994,Karingal Heights Primary School,CoEd,FALSE,Primary,145.1672841,-38.142239
44997,Mooroolbark East Primary School,CoEd,FALSE,Primary,145.3354886,-37.7867202
44996,Lilydale West Primary School,CoEd,FALSE,Primary,145.3357366,-37.7558144
45600,Fountain Gate Secondary College,CoEd,FALSE,Secondary,145.2956164,-38.0052596
44999,Gladesville Primary School,CoEd,FALSE,Primary,145.3231573,-37.8117504
44998,Ardeer South Primary School,CoEd,FALSE,Primary,144.7992656,-37.7892026
45016,Broadmeadows Valley Primary School,CoEd,FALSE,Primary,144.9126385,-37.67987
45018,Kingston Heath Primary School,CoEd,FALSE,Primary,145.0788347,-37.9629363
45019,Andersons Creek Primary School,CoEd,FALSE,Primary,145.207903,-37.749368
45020,Waverley Meadows Primary School,CoEd,FALSE,Primary,145.1837031,-37.9140178
45021,Kingswood Primary School,CoEd,FALSE,Primary,145.123928,-37.983002
45625,Glenroy Secondary College,CoEd,FALSE,Secondary,144.921944,-37.699702
45626,John Fawkner Secondary College,CoEd,FALSE,Secondary,144.971389,-37.703333
45023,Camelot Rise Primary School,CoEd,FALSE,Primary,145.1882972,-37.865688
45627,William Ruthven Secondary College,CoEd,FALSE,Secondary,145.0107588,-37.7118644
45008,Deer Park North Primary School,CoEd,FALSE,Primary,144.774138,-37.7557287
45009,Rosewood Downs Primary School,CoEd,FALSE,Primary,145.215169,-37.94437
45621,Victoria University Secondary College,CoEd,FALSE,Secondary,144.7849808,-37.7403901
45622,Victoria University Secondary College Deer Park Campus,CoEd,FALSE,Secondary,144.7521888,-37.7687064
45011,Coburn Primary School,CoEd,FALSE,Primary,144.5713803,-37.6949132
45012,Manorvale Primary School,CoEd,FALSE,Primary,144.6441521,-37.8935977
45616,Charles La Trobe P-12 College,CoEd,FALSE,Combined,145.059936,-37.729011
45013,Gladstone Views Primary School,CoEd,FALSE,Primary,144.8960505,-37.6919025
45617,Charles La Trobe P-12 College Olympic Village Primary Campus,CoEd,FALSE,Combined,145.0438252,-37.7417753
45014,Wheelers Hill Primary School,CoEd,FALSE,Primary,145.178146,-37.900222
44836,Craigieburn Primary School,CoEd,FALSE,Primary,144.932653,-37.582998
44833,Preston North East Primary School,CoEd,FALSE,Primary,145.0293371,-37.7332911
44846,Heatherhill Primary School,CoEd,FALSE,Primary,145.158995,-37.962385
44847,Beaumaris North Primary School,CoEd,FALSE,Primary,145.036979,-37.973981
44845,Bonbeach Primary School,CoEd,FALSE,Primary,145.126012,-38.066542
44843,Wembley Primary School,CoEd,FALSE,Primary,144.8777204,-37.821605
44840,Valkstone Primary School,CoEd,TRUE,Primary,145.0576293,-37.91460389
44841,Overport Primary School,CoEd,FALSE,Primary,145.1299452,-38.161584
44855,Beverley Hills Primary School,CoEd,FALSE,Primary,145.1596959,-37.79612
44854,Avondale Primary School,CoEd,FALSE,Primary,144.8609692,-37.7669927
44853,St Albans North Primary School,CoEd,FALSE,Primary,144.8015301,-37.7320466
44852,Dandenong South Primary School,CoEd,FALSE,Primary,145.212218,-37.999243
44851,Glenroy West Primary School,CoEd,FALSE,Primary,144.909741,-37.7049789
44850,Mount Pleasant Road Nunawading Primary School,CoEd,FALSE,Primary,145.1802946,-37.8287019
44849,Yarraman Oaks Primary School,CoEd,FALSE,Primary,145.1918961,-37.9704387
44863,Sussex Heights Primary School,CoEd,FALSE,Primary,145.111048,-37.888809
44862,Thomastown East Primary School,CoEd,FALSE,Primary,145.0247,-37.6799
44861,Oakleigh South Primary School,CoEd,FALSE,Primary,145.093824,-37.923298
44860,Strathmore North Primary School,CoEd,FALSE,Primary,144.916876,-37.724654
44859,Heathmont East Primary School,CoEd,FALSE,Primary,145.2571899,-37.8303224
44858,Kerrimuir Primary School,CoEd,FALSE,Primary,145.1357491,-37.8033781
44857,Frankston Heights Primary School,CoEd,FALSE,Primary,145.147022,-38.1621803
44804,Coatesville Primary School,CoEd,FALSE,Primary,145.0747332,-37.9155512
44805,Old Orchard Primary School,CoEd,FALSE,Primary,145.152206,-37.8073461
44806,Huntingdale Primary School,CoEd,FALSE,Primary,145.102299,-37.913087
44807,Box Hill North Primary School,CoEd,FALSE,Primary,145.1229639,-37.8003196
44800,Pascoe Vale South Primary School,CoEd,FALSE,Primary,144.9355647,-37.7462435
44802,Lalor Primary School,CoEd,FALSE,Primary,145.025859,-37.670868
44803,Reservoir West Primary School,CoEd,FALSE,Primary,144.9896273,-37.7218324
44814,Harrisfield Primary School,CoEd,FALSE,Primary,145.1790427,-37.9546099
44815,Pascoe Vale North Primary School,CoEd,FALSE,Primary,144.9476128,-37.7214304
44808,Ferntree Gully North Primary School,CoEd,FALSE,Primary,145.2988565,-37.8751837
44810,Oak Park Primary School,CoEd,FALSE,Primary,144.914753,-37.716168
44811,Dandenong North Primary School,CoEd,FALSE,Primary,145.21605,-37.976974
44823,Sunshine North Primary School,CoEd,FALSE,Primary,144.8352816,-37.7712538
44822,Sunshine Heights Primary School,CoEd,FALSE,Primary,144.8171653,-37.7923864
44816,Belle Vue Primary School,CoEd,FALSE,Primary,145.0788343,-37.7821052
44819,St Albans East Primary School,CoEd,FALSE,Primary,144.8104951,-37.7423674
44829,Cranbourne South Primary School,CoEd,FALSE,Primary,145.2449763,-38.148201
44828,Cheltenham East Primary School,CoEd,FALSE,Primary,145.068045,-37.965129
44824,Banyule Primary School,CoEd,FALSE,Primary,145.0779385,-37.743075
44827,Rosanna Golf Links Primary School,CoEd,FALSE,Primary,145.074809,-37.735336
44899,Belvedere Park Primary School,CoEd,FALSE,Primary,145.146612,-38.110351
44897,Eltham East Primary School,CoEd,FALSE,Primary,145.155124,-37.711961
44902,Fairhills Primary School,CoEd,FALSE,Primary,145.2645426,-37.8695063
44903,Boronia West Primary School,CoEd,FALSE,Primary,145.2785035,-37.8595412
44900,Essex Heights Primary School,CoEd,FALSE,Primary,145.1158336,-37.8645336
44901,Mountain Gate Primary School,CoEd,FALSE,Primary,145.2701243,-37.8851879
44904,Southmoor Primary School,CoEd,FALSE,Primary,145.055759,-37.942135
44905,Ringwood Heights Primary School,CoEd,FALSE,Primary,145.217043,-37.8042279
50459,Tarneit Senior College,CoEd,FALSE,Secondary,144.6790385,-37.8328406
44911,Karingal Primary School,CoEd,FALSE,Primary,145.1524564,-38.1382326
50458,Doveton College,CoEd,FALSE,Combined,145.2434121,-37.989479
44908,Ruskin Park Primary School,CoEd,FALSE,Primary,145.2965673,-37.7984693
50457,Glenroy Central Primary School,CoEd,FALSE,Primary,144.9292207,-37.6975191
44914,Montmorency South Primary School,CoEd,FALSE,Primary,145.129255,-37.725018
44913,Syndal South Primary School,CoEd,FALSE,Primary,145.143056,-37.88
44912,Mount View Primary School,CoEd,FALSE,Primary,145.1784648,-37.8837715
44919,Altona North Primary School,CoEd,FALSE,Primary,144.8498687,-37.837277
44923,Watsonia Heights Primary School,CoEd,FALSE,Primary,145.099999,-37.715417
44920,Burwood Heights Primary School,CoEd,FALSE,Primary,145.163383,-37.847511
44926,Mahogany Rise Primary School,CoEd,FALSE,Primary,145.162419,-38.1250223
44925,Pembroke Primary School,CoEd,FALSE,Primary,145.3267731,-37.7966605
44864,East Bentleigh Primary School,CoEd,FALSE,Primary,145.0700774,-37.9302101
44865,Parktone Primary School,CoEd,FALSE,Primary,145.0882065,-37.9870478
44866,Antonio Park Primary School,CoEd,FALSE,Primary,145.206184,-37.815306
44867,Kingsbury Primary School,CoEd,FALSE,Primary,145.0368766,-37.7164156
44869,Ardeer Primary School,CoEd,FALSE,Primary,144.8006468,-37.7795779
44871,Westall Primary School,CoEd,FALSE,Primary,145.1361161,-37.9424757
44872,Tullamarine Primary School,CoEd,FALSE,Primary,144.8793997,-37.7038352
44874,Park Orchards Primary School,CoEd,FALSE,Primary,145.2157562,-37.7798129
44875,Albion North Primary School,CoEd,FALSE,Primary,144.823202,-37.762634
44876,Blackburn Lake Primary School,CoEd,FALSE,Primary,145.166189,-37.827485
44877,Laburnum Primary School,CoEd,FALSE,Primary,145.1391121,-37.826925
44883,Broadmeadows Primary School,CoEd,FALSE,Primary,144.9281386,-37.6806195
44882,Pinewood Primary School,CoEd,FALSE,Primary,145.142044,-37.890172
44885,Keilor Heights Primary School,CoEd,FALSE,Primary,144.8666286,-37.7371061
44884,Moomba Park Primary School,CoEd,FALSE,Primary,144.9666171,-37.6959891
44886,Ainslie Parklands Primary School,CoEd,FALSE,Primary,145.2637334,-37.7941046
44888,Parkmore Primary School,CoEd,FALSE,Primary,145.1763034,-37.8436734
44891,Cranbourne Park Primary School,CoEd,FALSE,Primary,145.277849,-38.103182
44890,Mullum Primary School,CoEd,FALSE,Primary,145.2394,-37.797784
44893,Greenhills Primary School,CoEd,FALSE,Primary,145.1189722,-37.6926112
44892,Viewbank Primary School,CoEd,FALSE,Primary,145.0904113,-37.7339667
44894,Upwey South Primary School,CoEd,FALSE,Primary,145.325748,-37.913215
44732,Albion Primary School,CoEd,FALSE,Primary,144.819667,-37.777461
44730,Dingley Primary School,CoEd,FALSE,Primary,145.1331041,-37.9835207
40427,Williamstown High School,CoEd,FALSE,Secondary,144.894895,-37.862917
44725,Dandenong West Primary School,CoEd,FALSE,Primary,145.20058,-37.98087
44726,Yarra Road Primary School,CoEd,FALSE,Primary,145.2719159,-37.7664415
44727,Aberfeldie Primary School,CoEd,FALSE,Primary,144.8947509,-37.7560342
44720,Westgarth Primary School,CoEd,FALSE,Primary,145.006844,-37.77696
44721,Auburn South Primary School,CoEd,TRUE,Primary,145.0455568,-37.8395225
44722,Aspendale Primary School,CoEd,FALSE,Primary,145.1012114,-38.0196557
44723,Eltham North Primary School,CoEd,TRUE,Primary,145.150755,-37.699984
44717,Camberwell South Primary School,CoEd,FALSE,Primary,145.0625373,-37.8477762
44719,Hughesdale Primary School,CoEd,FALSE,Primary,145.0780384,-37.9057032
44718,Parkdale Primary School,CoEd,FALSE,Primary,145.0907771,-37.9904193
44713,Point Cook Prep - Year 9 College,CoEd,FALSE,Combined,144.725491,-37.894211
44712,Westbreen Primary School,CoEd,FALSE,Primary,144.935911,-37.715976
44714,Footscray North Primary School,CoEd,FALSE,Primary,144.884159,-37.788029
44708,Ringwood North Primary School,CoEd,FALSE,Primary,145.2307551,-37.7930103
44711,Bayswater North Primary School,CoEd,FALSE,Primary,145.2958287,-37.8287568
44710,Lloyd Street Primary School,CoEd,FALSE,Primary,145.056408,-37.87257
40433,Essendon East Keilor District College Senior Campus,CoEd,FALSE,Secondary,144.9006313,-37.7493029
44704,Ripponlea Primary School,CoEd,FALSE,Primary,145.004963,-37.8746851
44706,Montmorency Primary School,CoEd,FALSE,Primary,145.121595,-37.717589
44703,Boronia K-12 College,CoEd,FALSE,Combined,145.2936959,-37.85871424
44700,Wattle Glen Primary School,CoEd,FALSE,Primary,145.1830977,-37.6690842
44701,Hampton Park Primary School,CoEd,FALSE,Primary,145.252318,-38.030437
44698,Hartwell Primary School,CoEd,TRUE,Primary,145.084312,-37.8478498
44696,Ascot Vale West Primary School,CoEd,FALSE,Primary,144.910544,-37.779998
44695,Essendon North Primary School,CoEd,FALSE,Primary,144.903464,-37.740581
44692,Moonee Ponds Primary School,CoEd,FALSE,Primary,144.933242,-37.763164
44693,Kingsville Primary School,CoEd,FALSE,Primary,144.8745063,-37.8122808
44685,Reservoir Primary School,CoEd,FALSE,Primary,145.0072808,-37.7108851
44681,Mont Albert Primary School,CoEd,TRUE,Primary,145.1033581,-37.8122715
44680,Elwood Primary School,CoEd,FALSE,Primary,144.9813822,-37.8822931
44679,Coburg West Primary School,CoEd,FALSE,Primary,144.947702,-37.74733
44678,Hurstbridge Primary School,CoEd,FALSE,Primary,145.1981288,-37.6357768
44675,Bittern Primary School,CoEd,FALSE,Primary,145.1717038,-38.3399435
44673,Upper Ferntree Gully Primary School,CoEd,FALSE,Primary,145.3141678,-37.8958699
44793,Greythorn Primary School,CoEd,FALSE,Primary,145.096124,-37.801689
44799,Eastwood Primary School,CoEd,FALSE,Primary,145.2527252,-37.816819
44785,Frankston East Primary School,CoEd,FALSE,Primary,145.145305,-38.146564
44786,Selby Primary School,CoEd,FALSE,Primary,145.3676329,-37.9114694
44787,Reservoir East Primary School,CoEd,FALSE,Primary,145.0220428,-37.7200108
44788,Tucker Road Bentleigh Primary School,CoEd,FALSE,Primary,145.0494237,-37.932407
44779,Malvern Valley Primary School,CoEd,FALSE,Primary,145.081605,-37.880607
44770,Newlands Primary School,CoEd,FALSE,Primary,144.9856807,-37.7299614
44774,Tootgarook Primary School,CoEd,FALSE,Primary,144.8569335,-38.3693564
44763,Rosanna Primary School,CoEd,FALSE,Primary,145.063054,-37.734982
44760,Upwey Primary School,CoEd,FALSE,Primary,145.333298,-37.902623
44761,Coburg North Primary School,CoEd,FALSE,Primary,144.9520728,-37.7361198
44766,Balwyn North Primary School,CoEd,FALSE,Primary,145.077145,-37.79678
44767,Solway Primary School,CoEd,FALSE,Primary,145.0729716,-37.8733036
44764,Wantirna South Primary School,CoEd,FALSE,Primary,145.2363615,-37.8718037
44765,Strathmore Primary School,CoEd,FALSE,Primary,144.917063,-37.735262
44755,Fleetwood Primary School,CoEd,FALSE,Primary,145.3169932,-38.0394106
44753,Brunswick North West Primary School,CoEd,FALSE,Primary,144.9436849,-37.7567934
44758,Seaholme Primary School,CoEd,FALSE,Primary,144.839759,-37.8649816
44757,Sandringham East Primary School,CoEd,FALSE,Primary,145.022674,-37.956633
44747,Mckinnon Primary School,CoEd,TRUE,Primary,145.0524282,-37.9079538
44745,Briar Hill Primary School,CoEd,FALSE,Primary,145.1160643,-37.7081629
44749,Ivanhoe East Primary School,CoEd,FALSE,Primary,145.059391,-37.774599
44748,Clayton South Primary School,CoEd,FALSE,Primary,145.1163189,-37.9404746
44739,Chatham Primary School,CoEd,TRUE,Primary,145.091791,-37.8174236
44738,Bell Primary School,CoEd,FALSE,Primary,144.990809,-37.747491
44737,Brunswick South West Primary School,CoEd,FALSE,Primary,144.9436269,-37.7708097
44742,Bentleigh West Primary School,CoEd,FALSE,Primary,145.0266576,-37.920874
44741,Ashburton Primary School,CoEd,FALSE,Primary,145.0828669,-37.8645106
44740,Caulfield South Primary School,CoEd,TRUE,Primary,145.0302182,-37.8956312
44597,Carrum Primary School,CoEd,FALSE,Primary,145.1268042,-38.0776063
44592,Tecoma Primary School,CoEd,FALSE,Primary,145.3447625,-37.9073074
44604,Murrumbeena Primary School,CoEd,TRUE,Primary,145.07057,-37.886373
44607,Warranwood Primary School,CoEd,FALSE,Primary,145.2469836,-37.7750348
44601,Mount Waverley Primary School,CoEd,FALSE,Primary,145.124085,-37.881424
50265,Westall Secondary College Westall English Language Centre,CoEd,FALSE,Secondary,145.1210303,-37.9454838
44589,Clarinda Primary School,CoEd,FALSE,Primary,145.1056746,-37.9343457
44590,Chelsea Heights Primary School,CoEd,FALSE,Primary,145.1378631,-38.045456
50267,Albert Park College,CoEd,FALSE,Secondary,144.948182,-37.844896
50266,Aitken Creek Primary School,CoEd,FALSE,Primary,144.906478,-37.583155
50270,Bayside P-12 College Altona North Campus,CoEd,FALSE,Combined,144.823628,-37.8351148
44567,Kew East Primary School,CoEd,FALSE,Primary,145.049079,-37.7962396
44566,Spensley Street Primary School,CoEd,FALSE,Primary,145.0035893,-37.7867925
44564,Wales Street Primary School,CoEd,FALSE,Primary,145.0082123,-37.7618178
44563,Tyabb Primary School,CoEd,FALSE,Primary,145.1678448,-38.2613228
50278,Cranbourne East Secondary College,CoEd,FALSE,Secondary,145.3062641,-38.1041421
50279,Dallas Brooks Community Primary School,CoEd,FALSE,Primary,144.9418419,-37.6691619
44561,Sunshine Primary School,CoEd,FALSE,Primary,144.8309465,-37.7907161
44560,Merri Creek Primary School,CoEd,FALSE,Primary,144.98771,-37.7771544
50277,Cranbourne East Primary School,CoEd,FALSE,Primary,145.304478,-38.106179
44571,Brunswick East Primary School,CoEd,FALSE,Primary,144.9800642,-37.7652397
50286,Manor Lakes P-12 College Special Campus,CoEd,FALSE,Combined,144.5875645,-37.8706337
50284,Kororoit Creek Primary School,CoEd,FALSE,Primary,144.7541984,-37.7341852
44547,Beaconsfield Primary School,CoEd,FALSE,Primary,145.371716,-38.048772
44544,Toorak Primary School,CoEd,FALSE,Primary,145.010029,-37.8451539
44556,Pascoe Vale Primary School,CoEd,FALSE,Primary,144.9383446,-37.7313637
50303,Wyndham Park Primary School,CoEd,FALSE,Primary,144.676788,-37.884858
50302,Truganina South Primary School,CoEd,TRUE,Primary,144.7257,-37.865058
44555,Crib Point Primary School,CoEd,FALSE,Primary,145.2027263,-38.3614784
44553,Ormond Primary School,CoEd,TRUE,Primary,145.034048,-37.906794
44656,Penders Grove Primary School,CoEd,FALSE,Primary,145.0143392,-37.7547982
44659,Seaford Primary School,CoEd,FALSE,Primary,145.129757,-38.104357
50183,Laverton P-12 College Laverton Plains Primary School,CoEd,FALSE,Combined,144.7774565,-37.85174676
44658,Caulfield Junior College,CoEd,FALSE,Primary,145.0215243,-37.8720543
50176,Meadows Primary School,CoEd,FALSE,Primary,144.930266,-37.687587
50177,Dandenong High School Cleeland Campus,CoEd,FALSE,Secondary,145.2135891,-37.9783419
44660,Wattle Park Primary School,CoEd,FALSE,Primary,145.0971399,-37.8426162
50178,Dandenong High School Doveton Campus,CoEd,FALSE,Secondary,145.2424941,-37.9957951
44663,Thornbury Primary School,CoEd,FALSE,Primary,144.996833,-37.755077
44662,Preston West Primary School,CoEd,FALSE,Primary,144.9955553,-37.7376288
44664,Footscray West Primary School,CoEd,FALSE,Primary,144.876049,-37.794914
44667,Beaumaris Primary School,CoEd,FALSE,Primary,145.036666,-37.985235
50190,Hume Central Secondary College,CoEd,FALSE,Secondary,144.915961,-37.6810592
44666,Gardenvale Primary School,CoEd,TRUE,Primary,145.0157382,-37.9026607
50191,Mill Park Secondary College Senior Campus,CoEd,FALSE,Secondary,145.0620044,-37.6450635
50184,Laverton P-12 College Laverton Primary School,CoEd,FALSE,Combined,144.7704261,-37.8653317
50185,Yarra Hills Secondary College,CoEd,FALSE,Secondary,145.3156588,-37.7886963
44671,Altona Primary School,CoEd,FALSE,Primary,144.822926,-37.867678
50196,Bayside P-12 College Paisley Campus,CoEd,FALSE,Combined,144.8786231,-37.8352097
50199,Lakeview Senior College,CoEd,FALSE,Secondary,144.7404977,-37.7317463
44643,Glen Huntly Primary School,CoEd,FALSE,Primary,145.046334,-37.893664
44645,Wantirna Primary School,CoEd,FALSE,Primary,145.216877,-37.8563233
44647,Melton South Primary School,CoEd,FALSE,Primary,144.5726884,-37.7092723
44648,Chelsea Primary School,CoEd,FALSE,Primary,145.122491,-38.0549724
44651,Hampton Primary School,CoEd,TRUE,Primary,145.004348,-37.933701
44654,Edithvale Primary School,CoEd,FALSE,Primary,145.1138055,-38.0370729
44627,Banyan Fields Primary School,CoEd,FALSE,Primary,145.1706992,-38.0975353
44625,Alphington Primary School,CoEd,FALSE,Primary,145.031893,-37.783816
44624,Fawkner Primary School,CoEd,FALSE,Primary,144.9742008,-37.7153645
44631,Mount Evelyn Primary School,CoEd,FALSE,Primary,145.3887257,-37.7908908
44630,Black Rock Primary School,CoEd,FALSE,Primary,145.021526,-37.969881
44628,Norris Bank Primary School,CoEd,FALSE,Primary,145.0436,-37.695297
44634,Spotswood Primary School,CoEd,FALSE,Primary,144.877886,-37.829331
44632,Kilsyth Primary School,CoEd,FALSE,Primary,145.3150302,-37.8019217
44637,Deepdene Primary School,CoEd,FALSE,Primary,145.062608,-37.811573
44636,Noble Park Primary School,CoEd,FALSE,Primary,145.1725242,-37.9723598
50217,Newport Gardens Primary School,CoEd,FALSE,Primary,144.8675653,-37.84594991
44614,Langwarrin Primary School,CoEd,FALSE,Primary,145.189562,-38.160476
44618,Sydenham - Hillside Primary School,CoEd,FALSE,Primary,144.7616382,-37.7025713
44619,Sydenham - Hillside Primary School Hillside Campus,CoEd,FALSE,Primary,144.73666,-37.686022
44616,Tyabb Railway Station Primary School,CoEd,FALSE,Primary,145.191693,-38.261495
44617,Belgrave South Primary School,CoEd,FALSE,Primary,145.3571466,-37.9375495
44623,Brunswick North Primary School,CoEd,FALSE,Primary,144.951064,-37.759815
44620,Canterbury Primary School,CoEd,TRUE,Primary,145.084033,-37.8310903
45165,Willmott Park Primary School,CoEd,FALSE,Primary,144.922317,-37.591825
45164,Seabrook Primary School,CoEd,FALSE,Primary,144.757774,-37.878187
45167,Heany Park Primary School,CoEd,FALSE,Primary,145.242361,-37.933758
45166,Thomas Chirnside Primary School,CoEd,FALSE,Primary,144.638555,-37.903535
45161,Woodlands Primary School,CoEd,FALSE,Primary,145.20484,-38.13562
44431,Bayswater Primary School,CoEd,FALSE,Primary,145.25914,-37.8447
45163,Monmia Primary School,CoEd,FALSE,Primary,144.7923598,-37.7172388
45162,Mill Park Heights Primary School,CoEd,FALSE,Primary,145.0516409,-37.6570991
45157,Cambridge Primary School,CoEd,FALSE,Primary,144.675748,-37.867257
45159,Baden Powell P-9 College,CoEd,FALSE,Combined,144.695476,-37.841709
45158,Rowellyn Park Primary School,CoEd,FALSE,Primary,145.1921368,-38.1043053
45153,Aspendale Gardens Primary School,CoEd,FALSE,Primary,145.1167494,-38.0225235
45155,Brentwood Park Primary School,CoEd,FALSE,Primary,145.347029,-38.0525942
45154,Berwick Fields Primary School,CoEd,FALSE,Primary,145.333881,-38.049333
45180,Pakenham Hills Primary School,CoEd,FALSE,Primary,145.493073,-38.0601903
45181,Courtenay Gardens Primary School,CoEd,FALSE,Primary,145.282934,-38.079868
45182,Somerville Rise Primary School,CoEd,FALSE,Primary,145.16775,-38.23003
44447,Montrose Primary School,CoEd,FALSE,Primary,145.3447486,-37.8090428
45172,Oatlands Primary School,CoEd,FALSE,Primary,145.315385,-38.006959
44433,Mulgrave Primary School,CoEd,FALSE,Primary,145.198716,-37.933285
45173,Westgrove Primary School,CoEd,FALSE,Primary,144.659346,-37.878563
40643,Broadmeadows Valley Primary School Meadowfair North Campus,CoEd,FALSE,Primary,144.9225921,-37.6702202
45169,Kilberry Valley Primary School,CoEd,FALSE,Primary,145.2793914,-38.0332162
45170,Killara Primary School,CoEd,FALSE,Primary,144.704347,-37.564377
45134,Park Ridge Primary School,CoEd,FALSE,Primary,145.2629471,-37.9183365
44457,The Basin Primary School,CoEd,FALSE,Primary,145.3082698,-37.8499813
44461,Kensington Primary School,CoEd,FALSE,Primary,144.9270124,-37.7926753
45127,Yarra Primary School,CoEd,FALSE,Primary,145.0075364,-37.8146662
45126,Richmond Primary School,CoEd,FALSE,Primary,144.9988151,-37.8297825
40689,Copperfield College,CoEd,FALSE,Secondary,144.7722483,-37.719556
45121,Glen Katherine Primary School,CoEd,FALSE,Primary,145.1397721,-37.6905883
45120,Taylors Lakes Primary School,CoEd,FALSE,Primary,144.7937603,-37.7086314
45150,Mackellar Primary School,CoEd,FALSE,Primary,144.7774199,-37.7180699
45148,Thomas Mitchell Primary School,CoEd,FALSE,Primary,145.274087,-37.9798926
45149,Karoo Primary School,CoEd,FALSE,Primary,145.263655,-37.906087
45146,Coral Park Primary School,CoEd,FALSE,Primary,145.274719,-38.043193
45147,Maramba Primary School,CoEd,FALSE,Primary,145.303861,-38.0024785
44466,Ivanhoe Primary School,CoEd,FALSE,Primary,145.042642,-37.766693
45142,Boroondara Park Primary School,CoEd,FALSE,Primary,145.0876808,-37.7896415
45140,Meadowglen Primary School,CoEd,FALSE,Primary,145.053562,-37.643314
45141,Altona Green Primary School,CoEd,FALSE,Primary,144.784769,-37.886636
44470,St Kilda Park Primary School,CoEd,FALSE,Primary,144.978445,-37.859035
45139,Orchard Grove Primary School,CoEd,FALSE,Primary,145.1485026,-37.840894
45096,Meadow Heights Primary School,CoEd,FALSE,Primary,144.9238658,-37.6502715
44492,Somerville Primary School,CoEd,FALSE,Primary,145.179005,-38.224102
45099,Chalcot Lodge Primary School,CoEd,FALSE,Primary,145.247691,-37.969605
45101,Knox Gardens Primary School,CoEd,FALSE,Primary,145.2293448,-37.8821811
45100,Rangebank Primary School,CoEd,FALSE,Primary,145.2760211,-38.0874971
44488,Rosebud Primary School,CoEd,FALSE,Primary,144.8900548,-38.3610208
45103,Kings Park Primary School,CoEd,FALSE,Primary,144.7675324,-37.7324956
44491,Osborne Primary School,CoEd,FALSE,Primary,145.03999,-38.257383
45102,Southern Cross Primary School,CoEd,FALSE,Primary,145.264418,-37.988902
44490,Armadale Primary School,CoEd,TRUE,Primary,145.0180602,-37.8516405
44485,Carlton Gardens Primary School,CoEd,TRUE,Primary,144.9695397,-37.801982
50173,Templestowe Heights Primary School,CoEd,FALSE,Primary,145.11984,-37.766487
45088,Berwick Lodge Primary School,CoEd,FALSE,Primary,145.3276351,-38.0315207
50174,Sunshine Harvester Primary School,CoEd,FALSE,Primary,144.8456369,-37.7834201
50175,Croydon Primary School,CoEd,FALSE,Primary,145.2808322,-37.7933519
44486,Ascot Vale Primary School,CoEd,FALSE,Primary,144.925727,-37.774168
44480,Beaconsfield Upper Primary School,CoEd,FALSE,Primary,145.414981,-37.99513
44483,Malvern Primary School,CoEd,TRUE,Primary,145.0383694,-37.8715586
44508,Surrey Hills Primary School,CoEd,FALSE,Primary,145.1006462,-37.8257642
45113,Goonawarra Primary School,CoEd,FALSE,Primary,144.750941,-37.5807635
44504,Officer Primary School,CoEd,FALSE,Primary,145.4017485,-38.0553262
45116,Bellbridge Primary School,CoEd,FALSE,Primary,144.711109,-37.870566
44505,Brunswick South Primary School,CoEd,FALSE,Primary,144.972978,-37.7786545
45117,Croydon Hills Primary School,CoEd,FALSE,Primary,145.2722625,-37.776787
45118,Kurunjang Primary School,CoEd,FALSE,Primary,144.5859843,-37.6708028
45119,Langwarrin Park Primary School,CoEd,FALSE,Primary,145.2027835,-38.1509383
44500,Fairfield Primary School,CoEd,FALSE,Primary,145.021085,-37.777973
45107,Rolling Hills Primary School,CoEd,FALSE,Primary,145.3265582,-37.7672435
45108,Craigieburn South Primary School,CoEd,FALSE,Primary,144.9357328,-37.6083982
45109,Findon Primary School,CoEd,FALSE,Primary,145.050323,-37.6664887
45067,Kunyung Primary School,CoEd,FALSE,Primary,145.0759435,-38.1877276
45066,Kismet Park Primary School,CoEd,FALSE,Primary,144.7289543,-37.5645123
44525,Mitcham Primary School,CoEd,FALSE,Primary,145.192639,-37.809051
45065,Albanvale Primary School,CoEd,FALSE,Primary,144.7747198,-37.7445744
44524,Moonee Ponds West Primary School,CoEd,FALSE,Primary,144.909159,-37.768905
45064,Jells Park Primary School,CoEd,FALSE,Primary,145.1927879,-37.902786
45070,Bethal Primary School,CoEd,FALSE,Primary,144.91785,-37.65993
44521,Carnegie Primary School,CoEd,TRUE,Primary,145.054456,-37.890819
45068,Apollo Parkways Primary School,CoEd,FALSE,Primary,145.1097393,-37.6880826
44519,Elsternwick Primary School,CoEd,FALSE,Primary,144.9974681,-37.8979765
45059,Serpell Primary School,CoEd,FALSE,Primary,145.155184,-37.7698306
44516,Moreland Primary School,CoEd,FALSE,Primary,144.9662519,-37.7550151
44515,Yarraville West Primary School,CoEd,TRUE,Primary,144.8848916,-37.8153756
44513,Middle Park Primary School,CoEd,FALSE,Primary,144.9576426,-37.8475408
45061,Altona Meadows Primary School,CoEd,FALSE,Primary,144.779598,-37.868811
45060,Mount Martha Primary School,CoEd,FALSE,Primary,145.013738,-38.275645
45082,Hastings Westpark Primary School,CoEd,FALSE,Primary,145.1265477,-38.3059216
40623,Hallam Senior Secondary College,CoEd,FALSE,Secondary,145.2756505,-38.0069505
45083,Mossgiel Park Primary School,CoEd,FALSE,Primary,145.267003,-37.968798
44540,St Albans Primary School,CoEd,FALSE,Primary,144.7961462,-37.7392952
40620,Sandringham College,CoEd,FALSE,Secondary,145.0255682,-37.9566125
45087,Milgate Primary School,CoEd,FALSE,Primary,145.1750565,-37.7743529
44536,Research Primary School,CoEd,FALSE,Primary,145.1828151,-37.7030504
45084,Wedge Park Primary School,CoEd,FALSE,Primary,144.554952,-37.676461
44534,Princes Hill Primary School,CoEd,FALSE,Primary,144.968294,-37.780317
45074,Seaford Park Primary School,CoEd,FALSE,Primary,145.154426,-38.104748
45075,Billanook Primary School,CoEd,FALSE,Primary,145.338521,-37.82503552
44532,Auburn Primary School,CoEd,FALSE,Primary,145.0501947,-37.8202344
45072,Cranbourne West Primary School,CoEd,FALSE,Primary,145.267782,-38.102743
44533,Mentone Primary School,CoEd,FALSE,Primary,145.0693988,-37.9831004
45073,Patterson Lakes Primary School,CoEd,FALSE,Primary,145.1445038,-38.0695851
45078,Templeton Primary School,CoEd,FALSE,Primary,145.2321192,-37.8608513
44531,Port Melbourne Primary School,CoEd,TRUE,Primary,144.9329692,-37.8359219
45079,Sunbury Heights Primary School,CoEd,FALSE,Primary,144.7043323,-37.5805854
45076,Chirnside Park Primary School,CoEd,FALSE,Primary,145.3120744,-37.7499423
44529,Blackburn Primary School,CoEd,FALSE,Primary,145.157244,-37.817221
45284,Springvale Rise Primary School (interim name) Springvale Road Campus,CoEd,FALSE,Primary,145.1525748,-37.9516278
45285,Spring Parks Primary School,CoEd,FALSE,Primary,145.140322,-37.959044
45286,Spring Parks Primary School Valley Campus,CoEd,FALSE,Primary,145.140093,-37.963831
45287,Keilor Views Primary School,CoEd,FALSE,Primary,144.8088116,-37.7171542
44291,Epping Primary School,CoEd,FALSE,Primary,145.0411295,-37.650067
45280,Lyndale Greens Primary School,CoEd,FALSE,Primary,145.204346,-37.964907
44292,St Kilda Primary School,CoEd,FALSE,Primary,144.989018,-37.870187
45281,Athol Road Primary School,CoEd,FALSE,Primary,145.1501548,-37.9708317
45282,Athol Road Primary School East Campus,CoEd,FALSE,Primary,145.162848,-37.973914
45283,Springvale Rise Primary School (interim name),CoEd,FALSE,Primary,145.157648,-37.939056
44297,Fitzroy North Primary School,CoEd,FALSE,Primary,144.983997,-37.785165
44299,Preston Primary School,CoEd,FALSE,Primary,145.010355,-37.730558
45289,William Ruthven Primary School,CoEd,FALSE,Primary,145.0025207,-37.6957234
44301,Glenferrie Primary School,CoEd,FALSE,Primary,145.033705,-37.8240056
44304,Brighton Primary School,CoEd,FALSE,Primary,145.000725,-37.9121294
45296,Collingwood College,CoEd,FALSE,Combined,144.9905471,-37.8030467
45311,Macleod College,CoEd,FALSE,Combined,145.072145,-37.725311
44315,Keilor Primary School,CoEd,FALSE,Primary,144.8343669,-37.7187358
45254,Benton Junior College,CoEd,FALSE,Primary,145.0614141,-38.2456427
45255,Caulfield Primary School,CoEd,FALSE,Primary,145.0201865,-37.8869615
45252,Carranballac P-9 College,CoEd,FALSE,Combined,144.743248,-37.885566
45253,Carranballac P-9 College Jamieson Way Campus,CoEd,FALSE,Combined,144.745775,-37.8951
45250,Springside P-9 College,CoEd,FALSE,Combined,144.738155,-37.711373
44326,Malvern Central School,CoEd,TRUE,Combined,145.0364131,-37.8568125
45251,Roxburgh Park Primary School,CoEd,FALSE,Primary,144.9315389,-37.6343698
45248,Brookside P-9 College,CoEd,FALSE,Combined,144.736726,-37.74624
44324,Oakleigh Primary School,CoEd,FALSE,Primary,145.087336,-37.901996
45249,Creekside K-9 College,CoEd,FALSE,Combined,144.737617,-37.735395
45262,Pakenham Lakeside Primary School,CoEd,FALSE,Primary,145.440338,-38.068142
45263,Pakenham Springs Primary School,CoEd,FALSE,Primary,145.469963,-38.084367
45261,Berwick Chase Primary School,CoEd,FALSE,Primary,145.347307,-38.067453
45258,Lynbrook Primary School,CoEd,FALSE,Primary,145.2516389,-38.0586176
45257,Roxburgh Rise Primary School,CoEd,FALSE,Primary,144.9228644,-37.6158037
44337,Rye Primary School,CoEd,FALSE,Primary,144.8237944,-38.3735669
45269,Reservoir Views Primary School,CoEd,FALSE,Primary,145.0214684,-37.706094
45267,Epping Views Primary School,CoEd,FALSE,Primary,145.024328,-37.629122
45266,Derrimut Primary School,CoEd,FALSE,Primary,144.7609586,-37.7917789
45265,Cranbourne Carlisle Primary School,CoEd,FALSE,Primary,145.289124,-38.087038
43385,Watsonia Primary School,CoEd,FALSE,Primary,145.0864278,-37.7067758
45264,Taylors Hill Primary School,CoEd,FALSE,Primary,144.7600168,-37.7159121
45278,Keysborough Primary School,CoEd,FALSE,Primary,145.1531048,-37.9822856
45277,Chandler Park Primary School Maralinga Campus,CoEd,FALSE,Primary,145.186709,-37.986234
45276,Chandler Park Primary School,CoEd,FALSE,Primary,145.180195,-37.99234
45275,Lalor Gardens Primary School,CoEd,FALSE,Primary,145.011491,-37.6642
45272,Whitehorse Primary School,CoEd,FALSE,Primary,145.1672641,-37.8074099
45216,Carrington Primary School,CoEd,FALSE,Primary,145.2464676,-37.8917468
45217,Albany Rise Primary School,CoEd,FALSE,Primary,145.171922,-37.928144
45218,Amsleigh Park Primary School,CoEd,FALSE,Primary,145.1089022,-37.9001124
45219,Knox Central Primary School,CoEd,FALSE,Primary,145.2550644,-37.8610846
45220,Mount Waverley North Primary School,CoEd,FALSE,Primary,145.1412925,-37.8679215
45221,Rangeview Primary School,CoEd,FALSE,Primary,145.2031156,-37.8289922
45225,Carwatha College P-12,CoEd,FALSE,Combined,145.190184,-37.941541
45226,Glen Waverley South Primary School,CoEd,FALSE,Primary,145.1675484,-37.8967898
45227,Streeton Primary School,CoEd,FALSE,Primary,145.1017892,-37.7214333
44373,Narre Warren North Primary School,CoEd,FALSE,Primary,145.321273,-37.978973
44372,Stonnington Primary School,CoEd,FALSE,Primary,144.9956246,-37.8572072
45236,Roxburgh Homestead Primary School,CoEd,FALSE,Primary,144.91581,-37.634122
45239,Belle Vue Park Primary School,CoEd,FALSE,Primary,144.9452231,-37.7017877
44370,Abbotsford Primary School,CoEd,FALSE,Primary,144.9988963,-37.8089961
45238,Dinjerra Primary School,CoEd,FALSE,Primary,144.8566809,-37.790977
44380,Plenty Parklands Primary School,CoEd,FALSE,Primary,145.0769987,-37.6696994
45240,Doncaster Gardens Primary School,CoEd,FALSE,Primary,145.1486742,-37.7826335
45242,Strathaird Primary School,CoEd,FALSE,Primary,145.287142,-38.062447
45245,Timbarra P-9 College,CoEd,FALSE,Combined,145.3228033,-38.0159547
45244,Great Ryrie Primary School,CoEd,FALSE,Primary,145.2379548,-37.8234988
45247,Hillsmeade Primary School,CoEd,FALSE,Primary,145.3032906,-38.0302499
44378,Footscray City Primary School,CoEd,FALSE,Primary,144.899408,-37.806008
45246,Parkwood Green Primary School,CoEd,FALSE,Primary,144.7444225,-37.6985058
44391,Morang South Primary School,CoEd,FALSE,Primary,145.095006,-37.65308
44398,Mornington Primary School,CoEd,FALSE,Primary,145.0430918,-38.2219144
44403,Brighton Beach Primary School,CoEd,FALSE,Primary,144.996292,-37.921999
45206,Niddrie Primary School,CoEd,FALSE,Primary,144.8902012,-37.7440252
45210,Roberts McCubbin Primary School,CoEd,FALSE,Primary,145.1254691,-37.8345847
45209,Kananook Primary School,CoEd,FALSE,Primary,145.1431018,-38.1115032
44412,Cranbourne Primary School,CoEd,FALSE,Primary,145.2864017,-38.1110297
45208,Parkhill Primary School,CoEd,FALSE,Primary,145.1064052,-37.8628062
45215,Glen Waverley Primary School,CoEd,FALSE,Primary,145.168521,-37.875192
44410,Greensborough Primary School,CoEd,FALSE,Primary,145.1002063,-37.7041717
45213,Le Page Primary School,CoEd,FALSE,Primary,145.068203,-37.9592387
45436,Mckinnon Secondary College,CoEd,TRUE,Secondary,145.0489752,-37.9105975
45434,Mount Waverley Secondary College,CoEd,TRUE,Secondary,145.13172,-37.867642
45433,Mount Eliza Secondary College,CoEd,FALSE,Secondary,145.0942944,-38.190274
44179,Vermont Primary School,CoEd,FALSE,Primary,145.193585,-37.837748
45431,Mordialloc College,CoEd,FALSE,Secondary,145.0951726,-38.0116815
45428,Montmorency Secondary College,CoEd,FALSE,Secondary,145.112293,-37.713108
44176,Diamond Creek Primary School,CoEd,FALSE,Primary,145.1582473,-37.6724784
45429,Mooroolbark College,CoEd,FALSE,Secondary,145.315576,-37.774216
44182,Scoresby Primary School,CoEd,FALSE,Primary,145.2263538,-37.893558
45424,Melton Secondary College,CoEd,FALSE,Secondary,144.5671341,-37.690245
44181,Balwyn Primary School,CoEd,TRUE,Primary,145.0812281,-37.8142553
45425,Mentone Girls Secondary College,Girls,FALSE,Secondary,145.0547739,-37.9803265
45421,Melba Secondary College,CoEd,FALSE,Secondary,145.26145,-37.796098
45420,Maribyrnong Secondary College,CoEd,FALSE,Secondary,144.8883533,-37.7791998
44175,Sunbury Primary School,CoEd,FALSE,Primary,144.7262517,-37.5967774
44174,Westmeadows Primary School,CoEd,FALSE,Primary,144.89557,-37.675498
45416,Lyndale Secondary College,CoEd,FALSE,Secondary,145.2067002,-37.9575261
45415,Lilydale High School,CoEd,FALSE,Secondary,145.3450342,-37.7598985
45414,Lalor North Secondary College,CoEd,FALSE,Secondary,145.0343726,-37.6609368
45413,Lalor Secondary College,CoEd,FALSE,Secondary,145.030539,-37.672756
44165,Greenvale Primary School,CoEd,FALSE,Primary,144.8861263,-37.6403284
44164,Camberwell Primary School,CoEd,TRUE,Primary,145.057999,-37.833118
45404,Kensington Community High School,CoEd,FALSE,Secondary,144.9267013,-37.7880847
45405,Kew High School,CoEd,TRUE,Secondary,145.063408,-37.795591
45406,Koonung Secondary College,CoEd,FALSE,Secondary,145.1175056,-37.8025788
44218,Glen Iris Primary School,CoEd,FALSE,Primary,145.0657043,-37.859782
45401,Hawthorn Secondary College,CoEd,FALSE,Secondary,145.0453163,-37.8402158
45396,Western Port Secondary College,CoEd,FALSE,Secondary,145.1758328,-38.3078288
45399,Highvale Secondary College,CoEd,FALSE,Secondary,145.1754063,-37.866443
45394,Gladstone Park Secondary College,CoEd,FALSE,Secondary,144.8901245,-37.6894123
45395,Bundoora Secondary College,CoEd,FALSE,Secondary,145.061554,-37.7076454
45388,Gilmore College For Girls,Girls,FALSE,Secondary,144.8949271,-37.7990154
45390,Frankston High School,CoEd,TRUE,Secondary,145.128613,-38.16056
44202,Moorabbin Primary School,CoEd,FALSE,Primary,145.03971,-37.942978
45384,Epping Secondary College,CoEd,FALSE,Secondary,145.0335782,-37.6441336
45386,Fairhills High School,CoEd,FALSE,Secondary,145.257985,-37.872711
44192,Kew Primary School,CoEd,FALSE,Primary,145.032655,-37.8058
45383,Elwood College,CoEd,FALSE,Secondary,144.9848293,-37.8822824
44195,Sorrento Primary School,CoEd,FALSE,Primary,144.7411184,-38.3411646
45382,Eltham High School,CoEd,FALSE,Secondary,145.141882,-37.725345
45377,East Doncaster Secondary College,CoEd,FALSE,Secondary,145.1589791,-37.7825112
45379,Doncaster Secondary College,CoEd,FALSE,Secondary,145.137522,-37.785016
44198,Hastings Primary School,CoEd,FALSE,Primary,145.1892653,-38.2991017
45368,Cheltenham Secondary College,CoEd,TRUE,Secondary,145.0688736,-37.9535618
44250,Lower Plenty Primary School,CoEd,FALSE,Primary,145.114977,-37.727108
45375,Mount Alexander 7-12 College,CoEd,FALSE,Secondary,144.933124,-37.782499
45372,Cranbourne Secondary College,CoEd,FALSE,Secondary,145.2870953,-38.1080737
45373,Melba Secondary College Croydon Campus,CoEd,FALSE,Secondary,145.2828389,-37.7885359
45362,Brighton Secondary College,CoEd,FALSE,Secondary,145.0193112,-37.9201675
45360,Braybrook College,CoEd,FALSE,Secondary,144.848467,-37.778109
45361,Brentwood Secondary College,CoEd,FALSE,Secondary,145.167042,-37.89936662
45366,Canterbury Girls Secondary College,Girls,TRUE,Secondary,145.0690156,-37.819704
45364,Buckley Park College,CoEd,FALSE,Secondary,144.897224,-37.7476395
45365,Camberwell High School,CoEd,FALSE,Secondary,145.0728527,-37.8303938
45352,Bayswater Secondary College,CoEd,FALSE,Secondary,145.261917,-37.838327
44236,Carlton North Primary School,CoEd,FALSE,Primary,144.972138,-37.791114
45359,Box Hill High School,CoEd,FALSE,Secondary,145.1372073,-37.8204895
45357,Blackburn High School,CoEd,FALSE,Secondary,145.150557,-37.8103366
45356,Berwick Secondary College,CoEd,FALSE,Secondary,145.3652635,-38.0318773
44232,Skye Primary School,CoEd,FALSE,Primary,145.2018263,-38.1182562
45346,Wyndham Central Secondary College,CoEd,FALSE,Secondary,144.6540605,-37.8882816
45351,Balwyn High School,CoEd,TRUE,Secondary,145.0765043,-37.79765
44225,Williamstown Primary School,CoEd,FALSE,Primary,144.9013404,-37.8638304
44224,Albert Park Primary School,CoEd,TRUE,Primary,144.9554084,-37.8406158
45336,Staughton College,CoEd,FALSE,Secondary,144.5687825,-37.7077744
45338,Bentleigh Secondary College,CoEd,FALSE,Secondary,145.0596491,-37.9269718
44287,Frankston Primary School,CoEd,FALSE,Primary,145.145359,-38.146606
45340,Rosehill Secondary College,CoEd,FALSE,Secondary,144.884822,-37.7470406
44280,Cairnlea Park Primary School,CoEd,FALSE,Primary,144.7873987,-37.7584728
45341,Northern College of the Arts and Technology,CoEd,FALSE,Secondary,145.0262368,-37.7403557
45328,Lyndhurst Secondary College,CoEd,FALSE,Secondary,145.269412,-38.074921
45330,Dromana Secondary College,CoEd,FALSE,Secondary,144.9942305,-38.3352183
44273,Williamstown North Primary School,CoEd,FALSE,Primary,144.8913646,-37.8559241
45334,Peter Lalor Secondary College,CoEd,FALSE,Secondary,145.0109951,-37.6667422
45335,Lilydale Heights College,CoEd,FALSE,Secondary,145.3409,-37.745
44269,Northcote Primary School,CoEd,FALSE,Primary,144.996436,-37.771781
44271,Dandenong Primary School,CoEd,FALSE,Primary,145.22014,-37.987966
44270,North Melbourne Primary School,CoEd,FALSE,Primary,144.950875,-37.7985512
45325,Boronia K-12 College Mount View Campus,CoEd,FALSE,Combined,145.3010774,-37.85997636
45324,Mount Erin Secondary College,CoEd,FALSE,Secondary,145.147009,-38.174114
44261,Mount Eliza Primary School,CoEd,FALSE,Primary,145.091542,-38.195183
45312,Pakenham Consolidated School,CoEd,FALSE,Primary,145.465382,-38.066199
44257,Clifton Hill Primary School,CoEd,FALSE,Primary,144.989352,-37.792509
45557,Melbourne Girls College,Girls,FALSE,Secondary,145.0144337,-37.8228913
45555,Heathmont College,CoEd,FALSE,Secondary,145.2317901,-37.8376447
44055,Doncaster Primary School,CoEd,FALSE,Primary,145.1295735,-37.7867452
45554,Yarra Hills Secondary College Mount Evelyn Campus,CoEd,FALSE,Secondary,145.384343,-37.774127
44054,Dromana Primary School,CoEd,FALSE,Primary,144.9606425,-38.3385406
45553,Yarra Hills Secondary College Cambridge Campus,CoEd,FALSE,Secondary,145.3393788,-37.8014862
44057,Eltham Primary School,CoEd,FALSE,Primary,145.1497324,-37.7250048
44062,Footscray Primary School,CoEd,FALSE,Primary,144.893082,-37.798287
44061,Flemington Primary School,CoEd,FALSE,Primary,144.932778,-37.781268
45560,Templestowe College,CoEd,FALSE,Secondary,145.122246,-37.76673
40780,Coburg Senior High School,CoEd,FALSE,Secondary,144.9742098,-37.7395203
44060,Hallam Primary School,CoEd,FALSE,Primary,145.2580343,-38.0018403
45542,Mornington Secondary College,CoEd,FALSE,Secondary,145.0588093,-38.2182562
40786,Point Cook Senior Secondary College,CoEd,FALSE,Secondary,144.7337238,-37.8875777
44034,Warrandyte Primary School,CoEd,FALSE,Primary,145.213469,-37.742107
45543,Essendon East Keilor District College,CoEd,FALSE,Secondary,144.8566207,-37.7343192
45538,Bayside P-12 College,CoEd,FALSE,Combined,144.8813738,-37.8571449
45539,South Oakleigh Secondary College,CoEd,FALSE,Secondary,145.0899998,-37.9225486
45536,Copperfield College Sydenham Junior Campus,CoEd,FALSE,Secondary,144.760222,-37.7015798
45550,Viewbank College,CoEd,FALSE,Secondary,145.0858657,-37.741366
44042,Cheltenham Primary School,CoEd,FALSE,Primary,145.054726,-37.968502
45551,Noble Park Secondary College,CoEd,FALSE,Secondary,145.183697,-37.9704791
44040,Berwick Primary School,CoEd,FALSE,Primary,145.3539221,-38.0441706
45546,Glen Waverley Secondary College,CoEd,FALSE,Secondary,145.1637264,-37.8779715
45547,Monterey Secondary College,CoEd,FALSE,Secondary,145.1474941,-38.1260919
45544,Essendon East Keilor District College Niddrie Campus,CoEd,FALSE,Secondary,144.877125,-37.729357
44044,Newport Lakes Primary School,CoEd,FALSE,Primary,144.878386,-37.8373634
45545,Brunswick Secondary College,CoEd,FALSE,Secondary,144.9565208,-37.7714526
45524,Mill Park Secondary College,CoEd,FALSE,Secondary,145.0629671,-37.6638246
45527,Taylors Lakes Secondary College,CoEd,FALSE,Secondary,144.7940696,-37.706912
45526,The Grange P-12 College,CoEd,FALSE,Combined,144.6755556,-37.8591667
45521,Diamond Valley College,CoEd,FALSE,Secondary,145.167,-37.6727
44087,Fitzroy Primary School,CoEd,FALSE,Primary,144.9813804,-37.7994619
44086,Melton Primary School,CoEd,FALSE,Primary,144.585194,-37.682039
45522,Greensborough Secondary College,CoEd,FALSE,Secondary,145.089854,-37.70818
45533,Thornbury High School,CoEd,FALSE,Secondary,145.024803,-37.7563
45535,Copperfield College Kings Park Junior Campus,CoEd,FALSE,Secondary,144.8016402,-37.7435941
44090,Burwood East Primary School,CoEd,FALSE,Primary,145.151762,-37.858986
44093,Essendon Primary School,CoEd,FALSE,Primary,144.9210754,-37.7531092
45529,Sunshine College West Sunshine Campus,CoEd,FALSE,Secondary,144.814324,-37.793562
45528,Sunshine College,CoEd,FALSE,Secondary,144.828064,-37.79046
45531,Sunshine College North Sunshine Campus,CoEd,FALSE,Secondary,144.839558,-37.773652
44094,Coburg Primary School,CoEd,FALSE,Primary,144.968157,-37.74126
45530,Sunshine College Ardeer Campus,CoEd,FALSE,Secondary,144.7988921,-37.7776716
45508,Forest Hill College,CoEd,FALSE,Secondary,145.16202,-37.848385
45509,Patterson River Secondary College,CoEd,FALSE,Secondary,145.1355314,-38.0839732
44066,Sandringham Primary School,CoEd,FALSE,Primary,145.00891,-37.947582
45510,St Helena Secondary College,CoEd,FALSE,Secondary,145.1397129,-37.6870298
45504,Kurunjang Secondary College,CoEd,FALSE,Secondary,144.5851662,-37.6726184
44069,Hawthorn West Primary School,CoEd,FALSE,Primary,145.0169728,-37.8200188
44070,Heidelberg Primary School,CoEd,FALSE,Primary,145.0674711,-37.7545374
45506,Elisabeth Murdoch College,CoEd,FALSE,Secondary,145.1911497,-38.1591933
45507,Sunbury Downs Secondary College,CoEd,FALSE,Secondary,144.7052057,-37.5835456
45516,Sandringham College Sandringham Year 7-10 Campus,CoEd,FALSE,Secondary,145.0135139,-37.9533967
45517,Fitzroy High School,CoEd,FALSE,Secondary,144.987805,-37.785211
45518,Ashwood Secondary College,CoEd,FALSE,Secondary,145.103326,-37.863094
45519,Mullauna Secondary College,CoEd,FALSE,Secondary,145.190513,-37.80806
45512,Rowville Secondary College,CoEd,FALSE,Secondary,145.236909,-37.9238028
45513,Rowville Secondary College-Eastern Campus,CoEd,FALSE,Secondary,145.2640414,-37.920444
45515,Sandringham College Beaumaris Year 7-10 Campus,CoEd,FALSE,Secondary,145.0328017,-37.9809272
45491,Wheelers Hill Secondary College,CoEd,FALSE,Secondary,145.1813444,-37.9100944
44118,Werribee Primary School,CoEd,FALSE,Primary,144.65805,-37.907341
45490,Westall Secondary College,CoEd,FALSE,Secondary,145.136433,-37.940407
45488,Werribee Secondary College,CoEd,FALSE,Secondary,144.6690093,-37.9066059
45495,Glen Eira College,CoEd,FALSE,Secondary,145.037888,-37.885091
44113,Thomastown Primary School,CoEd,FALSE,Primary,145.0117454,-37.6818682
45492,Williamstown High School Bayview Campus,CoEd,FALSE,Secondary,144.88555,-37.864385
45499,Hampton Park Secondary College,CoEd,FALSE,Secondary,145.2593154,-38.0348945
45498,Reservoir High School,CoEd,FALSE,Secondary,145.0290126,-37.7224322
45496,Craigieburn Secondary College,CoEd,FALSE,Secondary,144.9356874,-37.6085658
45501,Keilor Downs Secondary College,CoEd,FALSE,Secondary,144.7906484,-37.7024727
45500,Hoppers Crossing Secondary College,CoEd,FALSE,Secondary,144.6962631,-37.870336
45475,University High School,CoEd,TRUE,Secondary,144.955199,-37.797082
45473,Thomastown Secondary College,CoEd,FALSE,Secondary,145.0023529,-37.67842
45478,Upwey High School,CoEd,FALSE,Secondary,145.3332244,-37.9040542
45479,Vermont Secondary College,CoEd,FALSE,Secondary,145.20095,-37.843486
44096,Mernda Primary School,CoEd,FALSE,Primary,145.0906103,-37.5952057
45476,Roxburgh College,CoEd,FALSE,Secondary,144.9297282,-37.6305344
45482,Carrum Downs Secondary College,CoEd,FALSE,Secondary,145.1984559,-38.0938566
44108,South Yarra Primary School,CoEd,TRUE,Primary,144.985462,-37.8407352
45480,Kambrya College,CoEd,FALSE,Secondary,145.346606,-38.05382
45486,Warrandyte High School,CoEd,FALSE,Secondary,145.1846472,-37.7473427
45487,Wellington Secondary College,CoEd,FALSE,Secondary,145.1692764,-37.9343129
45484,Wantirna College,CoEd,FALSE,Secondary,145.2308333,-37.8563889
45459,Ringwood Secondary College,CoEd,FALSE,Secondary,145.239151,-37.816666
45461,Rosebud Secondary College,CoEd,FALSE,Secondary,144.8890588,-38.3689018
44144,Preston South Primary School,CoEd,FALSE,Primary,145.0069843,-37.7492042
45463,Scoresby Secondary College,CoEd,FALSE,Secondary,145.2360566,-37.8889729
44147,Mordialloc Beach Primary School,CoEd,FALSE,Primary,145.1044805,-38.0005492
45466,St Albans Secondary College,CoEd,FALSE,Secondary,144.8076984,-37.7465889
44158,Lilydale Primary School,CoEd,FALSE,Primary,145.3476805,-37.755652
45469,Strathmore Secondary College,CoEd,FALSE,Secondary,144.9274054,-37.7374444
45470,Sunbury College,CoEd,FALSE,Secondary,144.7288807,-37.5740925
45442,Northcote High School,CoEd,FALSE,Secondary,144.9895587,-37.7741343
45443,Norwood Secondary College,CoEd,FALSE,Secondary,145.2378549,-37.7996795
44131,Clayton North Primary School,CoEd,FALSE,Primary,145.12256,-37.912242
45449,Pakenham Secondary College,CoEd,FALSE,Secondary,145.4693163,-38.0578366
45450,Parkdale Secondary College,CoEd,TRUE,Secondary,145.0947222,-37.9908333
45452,Pascoe Vale Girls Secondary College,Girls,FALSE,Secondary,144.9347222,-37.7180556
45453,Preston Girls Secondary College,Girls,FALSE,Secondary,145.0063455,-37.7415032
45454,Princes Hill Secondary College,CoEd,FALSE,Secondary,144.9649322,-37.7832229
